# 字符串函数 #

<table>
   <tr>
      <td>名称</td>
      <td>描述</td>
   </tr>
   <tr>
      <td>ASCII()</td>
      <td>返回最左边的字符的编码值。</td>
   </tr>
   <tr>
      <td>BIN()</td>
      <td>返回参数的字符串表示。</td>
   </tr>
   <tr>
      <td>BIT_LENGTH()</td>
      <td>返回参数以位计的长度。</td>
   </tr>
   <tr>
      <td>CHAR_LENGTH()</td>
      <td>返回参数以字符计的长度。</td>
   </tr>
   <tr>
      <td>CHAR()</td>
      <td>返回整数参数对应的字符。</td>
   </tr>
   <tr>
      <td>CHARACTER_LENGTH()</td>
      <td>CHAR_LENGTH() 的别名。</td>
   </tr>
   <tr>
      <td>CONCAT_WS()</td>
      <td>带着分隔符进行字符串拼接。</td>
   </tr>
   <tr>
      <td>CONCAT()</td>
      <td>返回拼接后的字符串。</td>
   </tr>
   <tr>
      <td>CONV()</td>
      <td>在不同的数制之间进行转换。</td>
   </tr>
   <tr>
      <td>ELT()</td>
      <td>返回 index 出的字符串。</td>
   </tr>
   <tr>
      <td>EXPORT_SET()</td>
      <td>R返回一个字符串；对于 bits 中的每一个位，如果该位为 1 则结果字符串得到一个 on 字符串；如果该位为 0，则结果字符串得到一个 off 字符串。</td>
   </tr>
   <tr>
      <td>FIELD()</td>
      <td>返回第一个参数在后续的参数列中的位置。</td>
   </tr>
   <tr>
      <td>FIND_IN_SET()</td>
      <td>返回第一个参数在第二个参数中的位置。</td>
   </tr>
   <tr>
      <td>FORMAT()</td>
      <td>将第一个参数中的数字格式化为有指定个小数位。</td>
   </tr>
   <tr>
      <td>HEX()</td>
      <td>返回以字符串表示的十六进制值。</td>
   </tr>
   <tr>
      <td>INSERT()</td>
      <td>将子串插入指定位置，指定的次数。</td>
   </tr>
   <tr>
      <td>INSTR()</td>
      <td>返回 substring 第一次出现的位置。</td>
   </tr>
   <tr>
      <td>LCASE()</td>
      <td>LOWER() 的别名。</td>
   </tr>
   <tr>
      <td>LEFT()</td>
      <td>从左边返回指定数目的字符。</td>
   </tr>
   <tr>
      <td>LENGTH()</td>
      <td>返回字符串以字节计的长度。</td>
   </tr>
   <tr>
      <td>LOAD_FILE()</td>
      <td>加载指定的文件。</td>
   </tr>
   <tr>
      <td>LOCATE()</td>
      <td>返回子串第一次出现的位置。</td>
   </tr>
   <tr>
      <td>LOWER()</td>
      <td>将参数中的所有字符都转换为小写。</td>
   </tr>
   <tr>
      <td>LPAD()</td>
      <td>用指定的字符串在左边进行填充。</td>
   </tr>
   <tr>
      <td>LTRIM()</td>
      <td>删除左边所有的空格。</td>
   </tr>
   <tr>
      <td>MAKE_SET()</td>
      <td>返回一系列以逗号分隔的字符串，该字符串与参数 bits 中的位相对应。</td>
   </tr>
   <tr>
      <td>MID()</td>
      <td>返回子串从指定位置起，第一次出现的位置。</td>
   </tr>
   <tr>
      <td>OCT()</td>
      <td>将参数转换为八进制，返回其字符串表示。</td>
   </tr>
   <tr>
      <td>OCTET_LENGTH()</td>
      <td>LENGTH() 的别名。</td>
   </tr>
   <tr>
      <td>ORD()</td>
      <td>如果最左边的字符为多字节字符集的字符，则返回其编码值。</td>
   </tr>
   <tr>
      <td>POSITION()</td>
      <td>LOCATE() 的别名。</td>
   </tr>
   <tr>
      <td>QUOTE()</td>
      <td>将参数字符串转义，以用于 SQL 语句。</td>
   </tr>
   <tr>
      <td>REGEXP</td>
      <td>使用正则表达式来进行模式匹配。</td>
   </tr>
   <tr>
      <td>REPEAT()</td>
      <td>讲一个字符串重复指定的次数。</td>
   </tr>
   <tr>
      <td>REPLACE()</td>
      <td>将指定的字符串替换掉。</td>
   </tr>
   <tr>
      <td>REVERSE()</td>
      <td>反转字符串中字符的顺序。</td>
   </tr>
   <tr>
      <td>RIGHT()</td>
      <td>返回字符串右边指定数目的字符。</td>
   </tr>
   <tr>
      <td>RPAD()</td>
      <td>使用指定得字符串进行右填充。</td>
   </tr>
   <tr>
      <td>RTRIM()</td>
      <td>将右边的空字符删除。</td>
   </tr>
   <tr>
      <td>SOUNDEX()</td>
      <td>返回 soundex 字符串。</td>
   </tr>
   <tr>
      <td>SOUNDS LIKE</td>
      <td>比较两个字符串的声音。</td>
   </tr>
   <tr>
      <td>SPACE()</td>
      <td>返回指定数目的空格。</td>
   </tr>
   <tr>
      <td>STRCMP()</td>
      <td>对两个字符串作比较。</td>
   </tr>
   <tr>
      <td>SUBSTRING_INDEX()</td>
      <td>从一个字符串中返回子串，直到遇到指定数目的定界符。</td>
   </tr>
   <tr>
      <td>SUBSTRING(), SUBSTR()</td>
      <td>返回指定的子串。</td>
   </tr>
   <tr>
      <td>TRIM()</td>
      <td>删除字符串两边的空字符。</td>
   </tr>
   <tr>
      <td>UCASE()</td>
      <td>UPPER() 的别名。</td>
   </tr>
   <tr>
      <td>UNHEX()</td>
      <td>将十六进制数码转换为字符。</td>
   </tr>
   <tr>
      <td>UPPER()</td>
      <td>将字符串中的所有字符转换为大写。</td>
   </tr>
</table>

## ASCII(str) ##

该函数返回字符串 str 中最左边字符的 ASCII 码值。如果 str 为空串则返回 0。如果 str 为 NULL 则返回 NULL。ASCII() 函数只对编码值在 0 至 255 之间的字符有效。

	SQL> SELECT ASCII('2');
	+---------------------------------------------------------+
	| ASCII('2')                                              |
	+---------------------------------------------------------+
	| 50                                                      |
	+---------------------------------------------------------+
	1 row in set (0.00 sec)
	
	SQL> SELECT ASCII('dx');
	+---------------------------------------------------------+
	| ASCII('dx')                                             |
	+---------------------------------------------------------+
	| 100                                                     |
	+---------------------------------------------------------+
	1 row in set (0.00 sec)

## BIN(N) ##

该函数以字符串的形式返回 N 的二进制表示，其中 N 为 longlong 类型（BIGINT)的数值。该函数等价于 CONV(N,10,2)。如果 N 为 NULL 的话，函数返回 NULL。

	SQL> SELECT BIN(12);
	+---------------------------------------------------------+
	| BIN(12)                                                 |
	+---------------------------------------------------------+
	| 1100                                                    |
	+---------------------------------------------------------+
	1 row in set (0.00 sec)

## BIT_LENGTH(str) ##

返回字符串 str 的二进制表示的总位数：

	SQL> SELECT BIT_LENGTH('text');
	+---------------------------------------------------------+
	| BIT_LENGTH('text')                                      |
	+---------------------------------------------------------+
	| 32                                                      |
	+---------------------------------------------------------+
	1 row in set (0.00 sec)

## CHAR(N,... [USING charset_name]) ##

CHAR() 函数每个编码值 N 处对应的字符。NULL 将被略过。

	SQL> SELECT CHAR(77,121,83,81,'76');
	+---------------------------------------------------------+
	| CHAR(77,121,83,81,'76')                                 |
	+---------------------------------------------------------+
	| SQL                                                   |
	+---------------------------------------------------------+
	1 row in set (0.00 sec)

## CHAR_LENGTH(str) ##

返回字符串 str 以字符计算的长度。一个多字节字符集的字符计为一个字符。这意味着如果字符串包含五个两字节的字符的话，LENGTH() 将会返回 10，而 CHAR_LENGTH() 则会返回 5。

	SQL> SELECT CHAR_LENGTH("text");
	+---------------------------------------------------------+
	| CHAR_LENGTH("text")                                     |
	+---------------------------------------------------------+
	| 4                                                       |
	+---------------------------------------------------------+
	1 row in set (0.00 sec)

## CHARACTER_LENGTH(str) ##

CHARACTER_LENGTH() 是 CHAR_LENGTH(str) 的别名。

## CONCAT(str1,str2,...) ##

将参数字符串连接为一个字符串并返回。该函数可以有一个或者多个参数。如果所有的参数都是非二进制串的话，则结果也为非二进制串。如果参数中有二进制串的话，则结果为二进制串。数值参数会被转换为等价的二进制串表示，如果你想要避免这种情况的话，可以使用显式类型转换，就像下面这样：

	SQL> SELECT CONCAT('My', 'S', 'QL');
	+---------------------------------------------------------+
	| CONCAT('My', 'S', 'QL')                                 |
	+---------------------------------------------------------+
	| SQL                                                   |
	+---------------------------------------------------------+
	1 row in set (0.00 sec)

## CONCAT_WS(separator,str1,str2,...) ##

CONCAT_WS() 是 CONCAT() 的变体，代表带有分隔符的字符串连接。第一个参数是用于分隔其余参数的分隔符。分隔符将会被添加到要连接在一起的字符串之间。分隔符和其余参数一样，可以是字符串。如果分隔符为 NULL 的话，函数结果为 NULL。

	SQL> SELECT CONCAT_WS(',','First name','Last Name' );
	+---------------------------------------------------------+
	| CONCAT_WS(',','First name','Last Name' )                |
	+---------------------------------------------------------+
	| First name, Last Name                                   |
	+---------------------------------------------------------+
	1 row in set (0.00 sec)

## CONV(N,from_base,to_base) ##

CONV() 函数用于对数值进行进制转换。该函数返回数 N 由 from_base 进制转换为 to_base 进制之后的字符串表示。进制值的最小值为 2，最大值为 36。如果任何一个参数为 NULL，该函数就会返回 NULL。考虑下面的示例，将 5 从 16 进制转换为 2 进制。

	SQL> SELECT CONV(5,16,2);
	+---------------------------------------------------------+
	| CONV(5,16,2)                                            |
	+---------------------------------------------------------+
	| 101                                                     |
	+---------------------------------------------------------+
	1 row in set (0.00 sec)

## ELT(N,str1,str2,str3,...) ##

如果 N = 1，则返回 str1；如果 N = 2，则返回 str2,以此类推。如果 N 小于 1 或者大于参数的数目，则返回 NULL。ELT() 是对 FIELD() 函数的补充。

	SQL> SELECT ELT(1, 'ej', 'Heja', 'hej', 'foo');
	+---------------------------------------------------------+
	| ELT(1, 'ej', 'Heja', 'hej', 'foo')                      |
	+---------------------------------------------------------+
	| ej                                                      |
	+---------------------------------------------------------+
	1 row in set (0.00 sec)


## EXPORT_SET(bits,on,off[,separator[,number_of_bits]]) ##

返回一个字符串，使得对于值 bits 中的每一个位，如果该位为 1 则返回 on 字符串，如果该位为 0，则返回 off 字符串。bits 中的位按照由右至左（由低位至高位）的顺序进行检查。字符串则按照由左至右的顺序进行连接，字符串之间以分隔符 separator 分隔开（默认为逗号）。number_of_bits 给出了参与转换的位的个数。

	SQL> SELECT EXPORT_SET(5,'Y','N',',',4);
	+---------------------------------------------------------+
	| EXPORT_SET(5,'Y','N',',',4)                             |
	+---------------------------------------------------------+
	| Y,N,Y,N                                                 |
	+---------------------------------------------------------+
	1 row in set (0.00 sec)

## FIELD(str,str1,str2,str3,...) ##

返回 str 在列表 str1, str2, str3 ... 中的下标（即位置，从 1 开始）。如果 str 不在列表中，则返回 0。

	SQL> SELECT FIELD('ej', 'Hej', 'ej', 'Heja', 'hej', 'foo');
	+---------------------------------------------------------+
	| FIELD('ej', 'Hej', 'ej', 'Heja', 'hej', 'foo')          |
	+---------------------------------------------------------+
	| 2                                                       |
	+---------------------------------------------------------+
	1 row in set (0.00 sec)

## FIND_IN_SET(str,strlist) ##

如果 str 在 strlist （包含 N 个子串的字符串）中的话，则返回一个 1 至 N 之间的值，指明 str 在 strlist 中的位置。

	SQL> SELECT FIND_IN_SET('b','a,b,c,d');
	+---------------------------------------------------------+
	| SELECT FIND_IN_SET('b','a,b,c,d')                       |
	+---------------------------------------------------------+
	| 2                                                       |
	+---------------------------------------------------------+
	1 row in set (0.00 sec)

## FORMAT(X,D) ##

FORMAT() 函数用于将数值 X 并截断至 D 个小数位，并格式化为 ###,###,###.## 的形式。下面的示例展示了 FORMAT() 函数的用法和输出：

	SQL>SELECT FORMAT(423423234.65434453,2);
	+---------------------------------------------------------+
	| FORMAT(423423234.65434453,2)                            |
	+---------------------------------------------------------+
	| 423,423,234.65                                          |
	+---------------------------------------------------------+
	1 row in set (0.00 sec)

## HEX(N_or_S) ##

如果 N_or_S 是一个数字，则返回该数字的十六进制字符串表示，N 应为 longlong（BIGINT）类型的值。这种情况下，该函数等价于 CONV(N,10,16)。

如果 N_or_S 为一个字符串，则返回该字符串的十六进制表示，即将每个字符转换为两位十六进制数码。

	SQL> SELECT HEX(255);
	+---------------------------------------------------------+
	| HEX(255)                                                |
	+---------------------------------------------------------+
	| FF                                                      |
	+---------------------------------------------------------+
	1 row in set (0.00 sec)
	
	SQL> SELECT 0x616263;
	+---------------------------------------------------------+
	| 0x616263                                                |
	+---------------------------------------------------------+
	| abc                                                     |
	+---------------------------------------------------------+
	1 row in set (0.00 sec)

## INSERT(str,pos,len,newstr) ##

该函数将字符串 str 中，由 pos 处起始长度为 len 个字符的子串，替换为 newstr 之后，再将其返回。如果 pos 不在 str 的长度范围内，则将 str 原样返回。如果 len 超过范围的话，则将 pos 起的所有子串都替换掉。如果参数中有 NULL 的话，则返回 NULL 值。

	SQL> SELECT INSERT('Quadratic', 3, 4, 'What');
	+---------------------------------------------------------+
	| INSERT('Quadratic', 3, 4, 'What')                       |
	+---------------------------------------------------------+
	| QuWhattic                                               |
	+---------------------------------------------------------+
	1 row in set (0.00 sec)

## INSTR(str,substr) ##

返回 substr 在 str 中第一次出现的位置。该函数同两个参数的 LOCATE() 函数相同，只是参数的顺序相反：

	SQL> SELECT INSTR('foobarbar', 'bar');
	+---------------------------------------------------------+
	| INSTR('foobarbar', 'bar')                               |
	+---------------------------------------------------------+
	| 4                                                       |
	+---------------------------------------------------------+
	1 row in set (0.00 sec)

## LCASE(str) ##

LCASE() 是 LOWER() 的别名。

## LEFT(str,len) ##

从字符串 str 中，返回最左边的 len 个字符；如果任何参数为 NULL 的话，则返回 NULL。

	SQL> SELECT LEFT('foobarbar', 5);
	+---------------------------------------------------------+
	| LEFT('foobarbar', 5)                                    |
	+---------------------------------------------------------+
	| fooba                                                   |
	+---------------------------------------------------------+
	1 row in set (0.00 sec)

## LENGTH(str) ##

该函数返回字符串 str 的长度。每个双字节字符计为两个字节。这意味着，对于包含五个双字节字符的字符串来说，LENGTH() 返回 10，而 CHAR_LENGTH() 则返回 5。

	SQL> SELECT LENGTH('text');
	+---------------------------------------------------------+
	| LENGTH('text')                                          |
	+---------------------------------------------------------+
	| 4                                                       |
	+---------------------------------------------------------+
	1 row in set (0.00 sec)

## LOAD_FILE(file_name) ##

读取 file_name 指定的文件，并将文件内容以字符串的形式返回。要使用这个函数的话，文件必须在服务器上存储，必须以绝对路径来指定其位置，而且你必须有读取该文件的权限。该文件必须是可读的，并且其大小小于 max_allowed_packet 个字节。

如果文件不存在或者因为前述某个条件得不到满足而不能被读取，则该函数返回 NULL 值。

自 SQL 5.0.19 起，character_set_filesystem 系统变量控制对以字面值给出的文件名的解释。

	SQL> UPDATE table_test
	    -> SET blob_col=LOAD_FILE('/tmp/picture')
		-> WHERE id=1;
	...........................................................

## LOCATE(substr,str), LOCATE(substr,str,pos) ##

第一种语法返回 substr 在 str 中第一次出现的位置。第二种语法也返回 substr 在 str 中第一次出现的位置，但是搜索位置自 pos 起。如果 substr 不在 str 中的话，则返回 0。

	SQL> SELECT LOCATE('bar', 'foobarbar');
	+---------------------------------------------------------+
	| LOCATE('bar', 'foobarbar')                              |
	+---------------------------------------------------------+
	| 4                                                       |
	+---------------------------------------------------------+
	1 row in set (0.00 sec)

## LOWER(str) ##

根据当前的字符集映射，返回将 str 中所有字符都变为小写后的字符串。

	SQL> SELECT LOWER('QUADRATICALLY');
	+---------------------------------------------------------+
	| LOWER('QUADRATICALLY')                                  |
	+---------------------------------------------------------+
	| quadratically                                           |
	+---------------------------------------------------------+
	1 row in set (0.00 sec)

## LPAD(str,len,padstr) ##

在 str 的左边填充 padstr 至其长度为 len。如果 str 比 len 长的话，则返回将 str 截短至 len 个字符之后的字符串。

	SQL> SELECT LPAD('hi',4,'??');
	+---------------------------------------------------------+
	| LPAD('hi',4,'??')                                       |
	+---------------------------------------------------------+
	| ??hi                                                    |
	+---------------------------------------------------------+
	1 row in set (0.00 sec)

## LTRIM(str) ##

返回将 str 的前导空字符（spaces）删除后的字符串。

	SQL> SELECT LTRIM('  barbar');
	+---------------------------------------------------------+
	| LTRIM('  barbar')                                       |
	+---------------------------------------------------------+
	| barbar                                                  |
	+---------------------------------------------------------+
	1 row in set (0.00 sec)

## MAKE_SET(bits,str1,str2,...) ##

返回一个集合值（一个包含子串的字符串，子串之间以逗号分隔），在对应的位置有相应的字符串。str1 对应于位 0，str2 对应于位 1，以此类推。str1, str2,str3,...中的 NULL 不会出现在结果中。

	SQL> SELECT MAKE_SET(1,'a','b','c');
	+---------------------------------------------------------+
	| MAKE_SET(1,'a','b','c')                                 |
	+---------------------------------------------------------+
	| a                                                       |
	+---------------------------------------------------------+
	1 row in set (0.00 sec)

## MID(str,pos,len) ##

MID(str,pos,len) 是 SUBSTRING(str,pos,len) 的别名。

## OCT(N) ##

OCT() 函数返回 N 的八进制字符串表示。该函数等价于 CONV(N,10,8)。

	SQL>SELECT OCT(12);
	+---------------------------------------------------------+
	| OCT(12)                                                 |
	+---------------------------------------------------------+
	| 14                                                      |
	+---------------------------------------------------------+
	1 row in set (0.00 sec)

## OCTET_LENGTH(str) ##

OCTET_LENGTH() 是 LENGTH() 的别名。

## ORD(str) ##

如果字符串 str 最左边的字符是双字节字符的话，则返回该字符的编码。编码值由其组成字节按照下面的公式计算而得：

	  (1st byte code)
	+ (2nd byte code . 256)
	+ (3rd byte code . 2562) ...

如果最左边的字符不是双字节字符的话，ORD() 的返回值同 ASCII() 函数。

	SQL> SELECT ORD('2');
	+---------------------------------------------------------+
	| ORD('2')                                                |
	+---------------------------------------------------------+
	| 50                                                      |
	+---------------------------------------------------------+
	1 row in set (0.00 sec)

## POSITION(substr IN str) ##

POSITION(substr IN str) 是 LOCATE（substr, str) 的别名。

## QUOTE(str) ##

该函数将 str 转换为 SQL 语句中可以使用的经过转义的字符串。返回的字符串由单引号包围，其中所有的单引号（'）、反斜杠（\）、ASCII 码 NUL 以及 Control-Z 都由前导的反斜杠转义。如果参数为 NULL，则该函数返回不带单引号的字符串 'NULL'。

	SQL> SELECT QUOTE('Don\'t!');
	+---------------------------------------------------------+
	| QUOTE('Don\'t!')                                        |
	+---------------------------------------------------------+
	| 'Don\'t!'                                               |
	+---------------------------------------------------------+
	1 row in set (0.00 sec)

**注意：**请检查该函数在你使用的数据库中时候有 bug，如果有的话，请不要使用该函数。

## expr REGEXP pattern ##

这个函数对 expr 进行模式匹配，匹配的模式为 pattern。如果 expr 匹配 pattern 的话，则返回 1，否则返回 0。如果 expr 和 pattern 中任一一个为 NULL 则返回 NULL。REGEXP 不区分大小写，不过用于二进制子串的时候例外。

	SQL> SELECT 'ABCDEF' REGEXP 'A%C%%';
	+---------------------------------------------------------+
	| 'ABCDEF' REGEXP 'A%C%%'                                 |
	+---------------------------------------------------------+
	| 0                                                       |
	+---------------------------------------------------------+
	1 row in set (0.00 sec)

另一个示例是：

	SQL> SELECT 'ABCDE' REGEXP '.*';
	+---------------------------------------------------------+
	|  'ABCDE' REGEXP '.*'                                    |
	+---------------------------------------------------------+
	| 1                                                       |
	+---------------------------------------------------------+
	1 row in set (0.00 sec)

让我们看更多的例子：

	SQL> SELECT 'new*\n*line' REGEXP 'new\\*.\\*line';
	+---------------------------------------------------------+
	| 'new*\n*line' REGEXP 'new\\*.\\*line'                   |
	+---------------------------------------------------------+
	| 1                                                       |
	+---------------------------------------------------------+
	1 row in set (0.00 sec)

## REPEAT(str,count) ##

返回一个字符串，该字符串为字符串 str 重复 count 次所得到的结果。如果 count 小于 1 的话，则返回空字符串。如果 count 为 NULL 的话，则返回 NULL 值。

	SQL> SELECT REPEAT('SQL', 3);
	+---------------------------------------------------------+
	| REPEAT('SQL', 3)                                      |
	+---------------------------------------------------------+
	| SQLSQLSQL                                         |
	+---------------------------------------------------------+
	1 row in set (0.00 sec)、

## REPLACE(str,from_str,to_str) ##

将字符串 str 中所有的 from_str 替换为 to_str，并返回结果字符串。REPLACE() 查找 from_str 是进行的是区分大小写的匹配。

	SQL> SELECT REPLACE('www.mysql.com', 'w', 'Ww');
	+---------------------------------------------------------+
	| REPLACE('www.mysql.com', 'w', 'Ww')                     |
	+---------------------------------------------------------+
	| WwWwWw.mysql.com                                        |
	+---------------------------------------------------------+
	1 row in set (0.00 sec)

## REVERSE(str) ##

返回将字符串 str 中所有字符的顺序反转后的字符串。

	SQL> SELECT REVERSE('abcd');
	+---------------------------------------------------------+
	| REVERSE('abcd')                                         |
	+---------------------------------------------------------+
	| dcba                                                    |
	+---------------------------------------------------------+
	1 row in set (0.00 sec)

## RIGHT(str,len) ##

返回字符串 str 中最右边的 len 位；如果任一参数为 NULL 的话，则返回 NULL。

	SQL> SELECT RIGHT('foobarbar', 4);
	+---------------------------------------------------------+
	| RIGHT('foobarbar', 4)                                   |
	+---------------------------------------------------------+
	| rbar                                                    |
	+---------------------------------------------------------+
	1 row in set (0.00 sec)

## RPAD(str,len,padstr)  ##

将字符串 str 用 padstr 填充至 len 个字符，并返回结果字符串。如果 str 的长度比 len 大的话，返回 str 被截短至 len 个字符之后的字符串。

	SQL> SELECT RPAD('hi',5,'?');
	+---------------------------------------------------------+
	| RPAD('hi',5,'?')                                        |
	+---------------------------------------------------------+
	| hi???                                                   |
	+---------------------------------------------------------+
	1 row in set (0.00 sec)

## RTRIM(str) ##

将 str 右边的空字符（space）删除，并返回结果字符串。

	SQL> SELECT RTRIM('barbar   ');
	+---------------------------------------------------------+
	| RTRIM('barbar   ')                                      |
	+---------------------------------------------------------+
	| barbar                                                  |
	+---------------------------------------------------------+
	1 row in set (0.00 sec)

## SOUNDEX(str) ##

由字符串 str 返回一个 soundex （同音）字符串。两个听起来几乎完全相同的字符串，其 soundex 字符串应该相同。标准的 soundex 字符串为四个字符长，但是  SOUNDEX() 能够返回任意长得 soundex 字符串。str 中所有非字母（non-alphabetic)的字符都会被忽略。所有不在 A-Z 之间的国际字母都被当作元音字母。

	SQL> SELECT SOUNDEX('Hello');
	+---------------------------------------------------------+
	| SOUNDEX('Hello')                                        |
	+---------------------------------------------------------+
	| H400                                                    |
	+---------------------------------------------------------+
	1 row in set (0.00 sec)

## expr1 SOUNDS LIKE expr2 ##

同 SOUNDEX(expr1) = SOUNDEX(expr2) 一样。

## SPACE(N) ##

返回一个字符串，包含 N 个空格。

	SQL> SELECT SPACE(6);
	+---------------------------------------------------------+
	| SELECT SPACE(6)                                         |
	+---------------------------------------------------------+
	| '      '                                                |
	+---------------------------------------------------------+
	1 row in set (0.00 sec)

## STRCMP(str1, str2) ##

比较参数中的两个字符串，如果相等的话则返回 0；如果根据当前的排序规则，第一个参数小于第二个，则返回 -1；否则返回 1。

	SQL> SELECT STRCMP('MOHD', 'MOHD');
	+---------------------------------------------------------+
	| STRCMP('MOHD', 'MOHD')                                  |
	+---------------------------------------------------------+
	| 0                                                       |
	+---------------------------------------------------------+
	1 row in set (0.00 sec)

另一个例子是：

	SQL> SELECT STRCMP('AMOHD', 'MOHD');
	+---------------------------------------------------------+
	| STRCMP('AMOHD', 'MOHD')                                 |
	+---------------------------------------------------------+
	| -1                                                      |
	+---------------------------------------------------------+
	1 row in set (0.00 sec)

让我们看更多的示例：

	SQL> SELECT STRCMP('MOHD', 'AMOHD');
	+---------------------------------------------------------+
	| STRCMP('MOHD', 'AMOHD')                                 |
	+---------------------------------------------------------+
	| 1                                                       |
	+---------------------------------------------------------+
	1 row in set (0.00 sec)
	
## SUBSTRING(str,pos)，SUBSTRING(str FROM pos)，SUBSTRING(str,pos,len)，SUBSTRING(str FROM pos FOR len) ##

不带参数 len 的形式返回字符串 str 中由 pos 开始的子串。带有参数 len 的形式，则返回 str 中，由 pos 开始长度为 len 的子串。 带有 FROM 的形式为标准 SQL 语法。pos 可以为负值。此时，字符串的 pos 由字符串 str 的末端算起。上述几种形式中，pos 都可以为负值。

	SQL> SELECT SUBSTRING('Quadratically',5);
	+---------------------------------------------------------+
	| SSUBSTRING('Quadratically',5)                           |
	+---------------------------------------------------------+
	| ratically                                               |
	+---------------------------------------------------------+
	1 row in set (0.00 sec)
	
	SQL> SELECT SUBSTRING('foobarbar' FROM 4);
	+---------------------------------------------------------+
	| SUBSTRING('foobarbar' FROM 4)                           |
	+---------------------------------------------------------+
	| barbar                                                  |
	+---------------------------------------------------------+
	1 row in set (0.00 sec)
	
	SQL> SELECT SUBSTRING('Quadratically',5,6);
	+---------------------------------------------------------+
	| SUBSTRING('Quadratically',5,6)                          |
	+---------------------------------------------------------+
	| ratica                                                  |
	+---------------------------------------------------------+
	1 row in set (0.00 sec)

## SUBSTRING_INDEX(str,delim,count) ##

该函数从字符串 str 中返回子串，直至遇到 count 次定界符 delim。如果 count 为正的话，所有直至最后一个定界符左边（从左边开始计算）的字符都会被返回。如果 count 为负的话，所有直到最后一个定界符右边（从右边开始计算）的字符都会被返回。SUBSTRING_INDEX() 在搜索 delim 的时候区分大小写。

	SQL> SELECT SUBSTRING_INDEX('www.mysql.com', '.', 2);
	+---------------------------------------------------------+
	| SUBSTRING_INDEX('www.mysql.com', '.', 2)                |
	+---------------------------------------------------------+
	| www.mysql                                               |
	+---------------------------------------------------------+
	1 row in set (0.00 sec)

## TRIM([{BOTH | LEADING | TRAILING} [remstr] FROM] str)，TRIM([remstr FROM] str) ##

将字符串 str 中所有作为前缀或者后缀的 remstr 删除之后，返回结果字符串。如果 BOTH、LEADING 或者 TRAILING 这些指示符都没有被指定的话，则默认为 BOTH。remstr 是可选的，如果没有制定的话，默认移除空格。

	SQL> SELECT TRIM('  bar   ');
	+---------------------------------------------------------+
	| TRIM('  bar   ')                                        |
	+---------------------------------------------------------+
	| bar                                                     |
	+---------------------------------------------------------+
	1 row in set (0.00 sec)
	
	SQL> SELECT TRIM(LEADING 'x' FROM 'xxxbarxxx');
	+---------------------------------------------------------+
	| TRIM(LEADING 'x' FROM 'xxxbarxxx')                      |
	+---------------------------------------------------------+
	| barxxx                                                  |
	+---------------------------------------------------------+
	1 row in set (0.00 sec)
	
	SQL> SELECT TRIM(BOTH 'x' FROM 'xxxbarxxx');
	+---------------------------------------------------------+
	| TRIM(BOTH 'x' FROM 'xxxbarxxx')                         |
	+---------------------------------------------------------+
	| bar                                                     |
	+---------------------------------------------------------+
	1 row in set (0.00 sec)
	
	SQL> SELECT TRIM(TRAILING 'xyz' FROM 'barxxyz');
	+---------------------------------------------------------+
	| TRIM(TRAILING 'xyz' FROM 'barxxyz')                     |
	+---------------------------------------------------------+
	| barx                                                    |
	+---------------------------------------------------------+
	1 row in set (0.00 sec)

## UCASE(str) ##

UCASE() 是 UPPER() 的别名。

## UNHEX(str) ##

执行 HEX(str) 的逆运算。也就是说，它将字符串 str 中的每对十六进制数码当做字符编码，然后将其转换为该编码对应的字符。结果字符以二进制字符串的形式返回。

	SQL> SELECT UNHEX('4D7953514C');
	+---------------------------------------------------------+
	| UNHEX('4D7953514C')                                     |
	+---------------------------------------------------------+
	| SQL                                                   |
	+---------------------------------------------------------+
	1 row in set (0.00 sec)

参数中出现的字符必须是合法的十六进制数码：'0' ... '9'、'A' ... 'F'、'a' ... 'f'。如果 UNHEX() 遇到任何不是十六进制数码的字符，就会返回 NULL 值。

## UPPER(str) ##

将字符串 str 中所有的字符都根据当前字符集映射，转换为大写字符，然后返回结果字符串。

	SQL> SELECT UPPER('Allah-hus-samad');
	+---------------------------------------------------------+
	| UPPER('Allah-hus-samad')                                |
	+---------------------------------------------------------+
	| ALLAH-HUS-SAMAD                                         |
	+---------------------------------------------------------+
	1 row in set (0.00 sec)

